,date,mo_yr,season,location,pond_ID,max_temp,min_temp,temp_avg,temp_avg_week,precip,precip_avg_week,class,order,family,spp,life_stage,bd_ge,rv_ge,pk_ge,met_stat,rv_status,bd_status,pk_status,bd_int,rv_int,pk_int,status,met_stat2,log_bd,log_pk,log_rv
37,4/23/2021,apr_21,cool,LP,42,24.3,7,16.3,17.97142857,29.218,4.174,Amphibia,Anura,Hylidae,ACGR,A,0,2.06,0,post,1,0,0,0,412,0,Rv,post,#NAME?,#NAME?,6.021023349
38,4/23/2021,apr_21,cool,LP,42,24.3,7,16.3,17.97142857,29.218,4.174,Amphibia,Anura,Hylidae,ACGR,A,0,0,0,post,0,0,0,0,0,0,Uninfected,post,#NAME?,#NAME?,#NAME?
39,4/23/2021,apr_21,cool,LP,42,24.3,7,16.3,17.97142857,29.218,4.174,Amphibia,Anura,Hylidae,ACGR,A,62,0,0,post,0,1,0,12400,0,0,Bd,post,9.404755176,#NAME?,#NAME?
40,4/23/2021,apr_21,cool,LP,42,24.3,7,16.3,17.97142857,29.218,4.174,Amphibia,Anura,Hylidae,ACGR,A,14.1,0,0,post,0,1,0,2820,0,0,Bd,post,7.832014181,#NAME?,#NAME?
41,4/23/2021,apr_21,cool,LP,42,24.3,7,16.3,17.97142857,29.218,4.174,Amphibia,Caudata,Ambystomatidae,AMTA,L,0,0,0,pre,0,0,0,0,0,0,Uninfected,pre,#NAME?,#NAME?,#NAME?
42,4/23/2021,apr_21,cool,LP,42,24.3,7,16.3,17.97142857,29.218,4.174,Amphibia,Caudata,Ambystomatidae,AMTA,L,0,0,0,pre,0,0,0,0,0,0,Uninfected,pre,#NAME?,#NAME?,#NAME?
43,4/23/2021,apr_21,cool,LP,42,24.3,7,16.3,17.97142857,29.218,4.174,Amphibia,Caudata,Ambystomatidae,AMTA,L,0,0,0,pre,0,0,0,0,0,0,Uninfected,pre,#NAME?,#NAME?,#NAME?
44,4/23/2021,apr_21,cool,LP,42,24.3,7,16.3,17.97142857,29.218,4.174,Amphibia,Caudata,Ambystomatidae,AMTA,L,0,0,0,pre,0,0,0,0,0,0,Uninfected,pre,#NAME?,#NAME?,#NAME?
45,4/23/2021,apr_21,cool,LP,42,24.3,7,16.3,17.97142857,29.218,4.174,Amphibia,Anura,Ranidae,LISP,L,0,0,0,pre,0,0,0,0,0,0,Uninfected,pre,#NAME?,#NAME?,#NAME?
46,4/23/2021,apr_21,cool,LP,42,24.3,7,16.3,17.97142857,29.218,4.174,Amphibia,Anura,Ranidae,LISP,L,0,0,0,pre,0,0,0,0,0,0,Uninfected,pre,#NAME?,#NAME?,#NAME?
47,4/23/2021,apr_21,cool,LP,42,24.3,7,16.3,17.97142857,29.218,4.174,Amphibia,Anura,Ranidae,LISP,L,0,0,0,pre,0,0,0,0,0,0,Uninfected,pre,#NAME?,#NAME?,#NAME?
48,4/23/2021,apr_21,cool,LP,42,24.3,7,16.3,17.97142857,29.218,4.174,Amphibia,Anura,Ranidae,LISP,L,0,0,9.274928,pre,0,0,1,0,0,1854.9856,Pk,pre,#NAME?,7.525632212,#NAME?
49,4/23/2021,apr_21,cool,LP,42,24.3,7,16.3,17.97142857,29.218,4.174,Amphibia,Anura,Hylidae,PSOR,L,0,0,0,mid,0,0,0,0,0,0,Uninfected,post,#NAME?,#NAME?,#NAME?
50,4/23/2021,apr_21,cool,LP,42,24.3,7,16.3,17.97142857,29.218,4.174,Amphibia,Anura,Hylidae,PSOR,L,0,0,0,mid,0,0,0,0,0,0,Uninfected,post,#NAME?,#NAME?,#NAME?
51,4/23/2021,apr_21,cool,LP,42,24.3,7,16.3,17.97142857,29.218,4.174,Amphibia,Anura,Hylidae,PSOR,L,0,0,0,pre,0,0,0,0,0,0,Uninfected,pre,#NAME?,#NAME?,#NAME?
52,4/23/2021,apr_21,cool,LP,42,24.3,7,16.3,17.97142857,29.218,4.174,Amphibia,Anura,Hylidae,PSOR,L,0,6.5,0,pre,1,0,0,0,1300,0,Rv,pre,#NAME?,#NAME?,7.170119543
53,4/23/2021,apr_21,cool,LP,42,24.3,7,16.3,17.97142857,29.218,4.174,Amphibia,Anura,Hylidae,PSOR,L,0,0,0,pre,0,0,0,0,0,0,Uninfected,pre,#NAME?,#NAME?,#NAME?
54,4/23/2021,apr_21,cool,LP,42,24.3,7,16.3,17.97142857,29.218,4.174,Amphibia,Anura,Hylidae,HYGR,L,0,0,0,pre,0,0,0,0,0,0,Uninfected,pre,#NAME?,#NAME?,#NAME?
55,4/23/2021,apr_21,cool,LP,107,24.3,7,16.3,17.97142857,29.218,4.174,Amphibia,Anura,Hylidae,ACGR,A,2.12,0,0,post,0,1,0,424,0,0,Bd,post,5.85220248,#NAME?,#NAME?
56,4/23/2021,apr_21,cool,LP,107,24.3,7,16.3,17.97142857,29.218,4.174,Amphibia,Anura,Ranidae,LISP,L,0,0,0,pre,0,0,0,0,0,0,Uninfected,pre,#NAME?,#NAME?,#NAME?
57,4/23/2021,apr_21,cool,LP,107,24.3,7,16.3,17.97142857,29.218,4.174,Amphibia,Caudata,Sirenidae,PSST,L,0,0,0,pre,0,0,0,0,0,0,Uninfected,pre,#NAME?,#NAME?,#NAME?
58,4/23/2021,apr_21,cool,LP,107,24.3,7,16.3,17.97142857,29.218,4.174,Amphibia,Anura,Ranidae,LISP,L,0,0,316.15182,pre,0,0,1,0,0,63230.364,Pk,pre,#NAME?,11.05453991,#NAME?
59,4/23/2021,apr_21,cool,LP,107,24.3,7,16.3,17.97142857,29.218,4.174,Amphibia,Anura,Ranidae,LISP,L,0,0,0,pre,0,0,0,0,0,0,Uninfected,pre,#NAME?,#NAME?,#NAME?
60,4/23/2021,apr_21,cool,LP,107,24.3,7,16.3,17.97142857,29.218,4.174,Amphibia,Caudata,Ambystomatidae,AMTA,L,0,2.19,0,pre,1,0,0,0,438,0,Rv,pre,#NAME?,#NAME?,6.08221891
61,4/23/2021,apr_21,cool,LP,107,24.3,7,16.3,17.97142857,29.218,4.174,Amphibia,Anura,Ranidae,LISP,L,0,0,0,pre,0,0,0,0,0,0,Uninfected,pre,#NAME?,#NAME?,#NAME?
62,4/23/2021,apr_21,cool,LP,107,24.3,7,16.3,17.97142857,29.218,4.174,Amphibia,Caudata,Ambystomatidae,AMTI,J,1.05,1.88,0,mid,1,1,0,210,376,0,Bd-Rv,post,5.247024072,#NAME?,5.929589143
63,4/23/2021,apr_21,cool,LP,109,24.3,7,16.3,17.97142857,29.218,4.174,Amphibia,Anura,Ranidae,LISP,L,0,0,143.10857,pre,0,0,1,0,0,28621.714,Pk,pre,#NAME?,10.26192094,#NAME?
64,4/23/2021,apr_21,cool,LP,109,24.3,7,16.3,17.97142857,29.218,4.174,Amphibia,Anura,Ranidae,LISP,L,0,1.99,0,pre,1,0,0,0,398,0,Rv,pre,#NAME?,#NAME?,5.986452005
65,4/23/2021,apr_21,cool,LP,109,24.3,7,16.3,17.97142857,29.218,4.174,Amphibia,Anura,Ranidae,LISP,L,0,0,1.0278635,pre,0,0,1,0,0,205.5727,Pk,pre,#NAME?,5.325799743,#NAME?
66,4/23/2021,apr_21,cool,LP,109,24.3,7,16.3,17.97142857,29.218,4.174,Amphibia,Anura,Hylidae,ACGR,A,2.35,0,0,post,0,1,0,470,0,0,Bd,post,6.194405391,#NAME?,#NAME?
67,4/23/2021,apr_21,cool,LP,109,24.3,7,16.3,17.97142857,29.218,4.174,Amphibia,Caudata,Ambystomatidae,AMTA,L,0,0,0,pre,0,0,0,0,0,0,Uninfected,pre,#NAME?,#NAME?,#NAME?
68,4/23/2021,apr_21,cool,LP,109,24.3,7,16.3,17.97142857,29.218,4.174,Amphibia,Caudata,Ambystomatidae,AMTA,L,0,0,0,pre,0,0,0,0,0,0,Uninfected,pre,#NAME?,#NAME?,#NAME?
69,4/23/2021,apr_21,cool,LP,109,24.3,7,16.3,17.97142857,29.218,4.174,Amphibia,Caudata,Ambystomatidae,AMTA,L,0,0,0,pre,0,0,0,0,0,0,Uninfected,pre,#NAME?,#NAME?,#NAME?
70,4/23/2021,apr_21,cool,LP,109,24.3,7,16.3,17.97142857,29.218,4.174,Amphibia,Anura,Hylidae,HYFE,L,0,0,0,pre,0,0,0,0,0,0,Uninfected,pre,#NAME?,#NAME?,#NAME?
71,4/23/2021,apr_21,cool,LP,109,24.3,7,16.3,17.97142857,29.218,4.174,Amphibia,Anura,Hylidae,HYFE,L,0,0,0,pre,0,0,0,0,0,0,Uninfected,pre,#NAME?,#NAME?,#NAME?
72,4/23/2021,apr_21,cool,LP,48,24.3,7,16.3,17.97142857,29.218,4.174,Amphibia,Anura,Ranidae,LICA,L,0,0,0,pre,0,0,0,0,0,0,Uninfected,pre,#NAME?,#NAME?,#NAME?
73,4/23/2021,apr_21,cool,LP,48,24.3,7,16.3,17.97142857,29.218,4.174,Amphibia,Caudata,Ambystomatidae,AMTA,L,0,0,0,pre,0,0,0,0,0,0,Uninfected,pre,#NAME?,#NAME?,#NAME?
74,4/23/2021,apr_21,cool,LP,48,24.3,7,16.3,17.97142857,29.218,4.174,Amphibia,Anura,Ranidae,LISP,L,0,0,0,mid,0,0,0,0,0,0,Uninfected,post,#NAME?,#NAME?,#NAME?
75,4/23/2021,apr_21,cool,LP,48,24.3,7,16.3,17.97142857,29.218,4.174,Amphibia,Anura,Ranidae,LIGR,L,0,0,0,mid,0,0,0,0,0,0,Uninfected,post,#NAME?,#NAME?,#NAME?
76,4/23/2021,apr_21,cool,LP,48,24.3,7,16.3,17.97142857,29.218,4.174,Amphibia,Anura,Ranidae,LIGR,L,0,0,0,pre,0,0,0,0,0,0,Uninfected,pre,#NAME?,#NAME?,#NAME?
77,4/23/2021,apr_21,cool,LP,48,24.3,7,16.3,17.97142857,29.218,4.174,Amphibia,Anura,Ranidae,LIGR,L,0,0,0,pre,0,0,0,0,0,0,Uninfected,pre,#NAME?,#NAME?,#NAME?
78,4/23/2021,apr_21,cool,LP,48,24.3,7,16.3,17.97142857,29.218,4.174,Amphibia,Caudata,Ambystomatidae,AMTA,L,0,0,0,pre,0,0,0,0,0,0,Uninfected,pre,#NAME?,#NAME?,#NAME?
79,4/23/2021,apr_21,cool,LP,48,24.3,7,16.3,17.97142857,29.218,4.174,Amphibia,Anura,Ranidae,LIGR,L,0,0,0,pre,0,0,0,0,0,0,Uninfected,pre,#NAME?,#NAME?,#NAME?
80,4/23/2021,apr_21,cool,LP,48,24.3,7,16.3,17.97142857,29.218,4.174,Amphibia,Anura,Hylidae,ACGR,A,0,0,0,post,0,0,0,0,0,0,Uninfected,post,#NAME?,#NAME?,#NAME?
81,4/23/2021,apr_21,cool,LP,48,24.3,7,16.3,17.97142857,29.218,4.174,Amphibia,Caudata,Ambystomatidae,AMTA,L,0,0,0,pre,0,0,0,0,0,0,Uninfected,pre,#NAME?,#NAME?,#NAME?
82,4/23/2021,apr_21,cool,LP,48,24.3,7,16.3,17.97142857,29.218,4.174,Amphibia,Caudata,Sirenidae,SILA,J,0,0,0,pre,0,0,0,0,0,0,Uninfected,pre,#NAME?,#NAME?,#NAME?
83,4/23/2021,apr_21,cool,LP,48,24.3,7,16.3,17.97142857,29.218,4.174,Amphibia,Caudata,Ambystomatidae,AMTA,PA,0,0,0,pre,0,0,0,0,0,0,Uninfected,pre,#NAME?,#NAME?,#NAME?
84,4/23/2021,apr_21,cool,LP,48,24.3,7,16.3,17.97142857,29.218,4.174,Amphibia,Caudata,Salamandridae,NOVI,PA,0,0,0,pre,0,0,0,0,0,0,Uninfected,pre,#NAME?,#NAME?,#NAME?
85,4/23/2021,apr_21,cool,LP,48,24.3,7,16.3,17.97142857,29.218,4.174,Amphibia,Caudata,Salamandridae,NOVI,PA,0,0,0,pre,0,0,0,0,0,0,Uninfected,pre,#NAME?,#NAME?,#NAME?
86,4/23/2021,apr_21,cool,LP,48,24.3,7,16.3,17.97142857,29.218,4.174,Amphibia,Caudata,Salamandridae,NOPE,PA,0,0,0,pre,0,0,0,0,0,0,Uninfected,pre,#NAME?,#NAME?,#NAME?
87,4/24/2021,apr_21,cool,LP,34,25.3,18,21.4,18.4,53.588,7.655428571,Amphibia,Anura,Ranidae,LISP,L,0,0,1076.192,pre,0,0,1,0,0,215238.4,Pk,pre,#NAME?,12.27950153,#NAME?
88,4/24/2021,apr_21,cool,LP,34,25.3,18,21.4,18.4,53.588,7.655428571,Amphibia,Anura,Ranidae,LISP,L,0,0,1143622.2,pre,0,0,1,0,0,228724440,Pk,pre,#NAME?,19.24802852,#NAME?
89,4/24/2021,apr_21,cool,LP,34,25.3,18,21.4,18.4,53.588,7.655428571,Amphibia,Anura,Ranidae,LISP,L,0,0,5898.715,pre,0,0,1,0,0,1179743,Pk,pre,#NAME?,13.98080718,#NAME?
90,4/24/2021,apr_21,cool,LP,34,25.3,18,21.4,18.4,53.588,7.655428571,Amphibia,Anura,Ranidae,LISP,L,0,0,572.22986,pre,0,0,1,0,0,114445.972,Pk,pre,#NAME?,11.64785813,#NAME?
91,4/24/2021,apr_21,cool,LP,34,25.3,18,21.4,18.4,53.588,7.655428571,Amphibia,Anura,Hylidae,PSOR,L,0,0,0,pre,0,0,0,0,0,0,Uninfected,pre,#NAME?,#NAME?,#NAME?
92,4/24/2021,apr_21,cool,LP,34,25.3,18,21.4,18.4,53.588,7.655428571,Amphibia,Anura,Hylidae,PSOR,L,0,0,0,pre,0,0,0,0,0,0,Uninfected,pre,#NAME?,#NAME?,#NAME?
93,4/24/2021,apr_21,cool,LP,34,25.3,18,21.4,18.4,53.588,7.655428571,Amphibia,Anura,Hylidae,PSOR,L,0,0.94,0,pre,1,0,0,0,188,0,Rv,pre,#NAME?,#NAME?,5.236441963
94,4/24/2021,apr_21,cool,LP,34,25.3,18,21.4,18.4,53.588,7.655428571,Amphibia,Caudata,Ambystomatidae,AMTI,L,0,0,0,pre,0,0,0,0,0,0,Uninfected,pre,#NAME?,#NAME?,#NAME?
95,4/24/2021,apr_21,cool,LP,34,25.3,18,21.4,18.4,53.588,7.655428571,Amphibia,Caudata,Ambystomatidae,AMTI,J,0,0,0,mid,0,0,0,0,0,0,Uninfected,post,#NAME?,#NAME?,#NAME?
96,4/24/2021,apr_21,cool,LP,34,25.3,18,21.4,18.4,53.588,7.655428571,Amphibia,Caudata,Ambystomatidae,AMTI,L,0,0,0,pre,0,0,0,0,0,0,Uninfected,pre,#NAME?,#NAME?,#NAME?
97,4/24/2021,apr_21,cool,LP,34,25.3,18,21.4,18.4,53.588,7.655428571,Amphibia,Anura,Hylidae,PSOR,J,25.4,0,249.14421,post,0,1,1,5080,0,49828.842,Bd-Pk,post,8.434246271,10.81634925,#NAME?
98,6/24/2021,jun_21,warm,LP,48,26.7,22.1,24.4,25.42857143,68.903,9.843285714,Amphibia,Caudata,Salamandridae,NOVI,L,0,0,0,pre,0,0,0,0,0,0,Uninfected,pre,#NAME?,#NAME?,#NAME?
99,6/24/2021,jun_21,warm,LP,48,26.7,22.1,24.4,25.42857143,68.903,9.843285714,Amphibia,Caudata,Salamandridae,NOPE,L,0,0,0,pre,0,0,0,0,0,0,Uninfected,pre,#NAME?,#NAME?,#NAME?
100,6/24/2021,jun_21,warm,LP,48,26.7,22.1,24.4,25.42857143,68.903,9.843285714,Amphibia,Caudata,Salamandridae,NOPE,L,0,0,0,pre,0,0,0,0,0,0,Uninfected,pre,#NAME?,#NAME?,#NAME?
101,6/24/2021,jun_21,warm,LP,48,26.7,22.1,24.4,25.42857143,68.903,9.843285714,Amphibia,Caudata,Salamandridae,NOVI,L,0,0,0,pre,0,0,0,0,0,0,Uninfected,pre,#NAME?,#NAME?,#NAME?
102,6/24/2021,jun_21,warm,LP,48,26.7,22.1,24.4,25.42857143,68.903,9.843285714,Amphibia,Caudata,Salamandridae,NOVI,L,0,0,0,pre,0,0,0,0,0,0,Uninfected,pre,#NAME?,#NAME?,#NAME?
103,6/24/2021,jun_21,warm,LP,48,26.7,22.1,24.4,25.42857143,68.903,9.843285714,Amphibia,Anura,Hylidae,ACGR,L,0,0,0,pre,0,0,0,0,0,0,Uninfected,pre,#NAME?,#NAME?,#NAME?
104,6/24/2021,jun_21,warm,LP,48,26.7,22.1,24.4,25.42857143,68.903,9.843285714,Amphibia,Anura,Hylidae,ACGR,L,0,0,0,pre,0,0,0,0,0,0,Uninfected,pre,#NAME?,#NAME?,#NAME?
105,6/24/2021,jun_21,warm,LP,48,26.7,22.1,24.4,25.42857143,68.903,9.843285714,Amphibia,Anura,Hylidae,ACGR,L,0,0,0,pre,0,0,0,0,0,0,Uninfected,pre,#NAME?,#NAME?,#NAME?
106,6/24/2021,jun_21,warm,LP,48,26.7,22.1,24.4,25.42857143,68.903,9.843285714,Amphibia,Caudata,Ambystomatidae,AMTA,L,0,0,0,pre,0,0,0,0,0,0,Uninfected,pre,#NAME?,#NAME?,#NAME?
107,6/24/2021,jun_21,warm,LP,48,26.7,22.1,24.4,25.42857143,68.903,9.843285714,Amphibia,Caudata,Ambystomatidae,AMTA,PA,0,0,0,pre,0,0,0,0,0,0,Uninfected,pre,#NAME?,#NAME?,#NAME?
108,6/24/2021,jun_21,warm,LP,48,26.7,22.1,24.4,25.42857143,68.903,9.843285714,Amphibia,Caudata,Ambystomatidae,AMTA,L,0,0,0,pre,0,0,0,0,0,0,Uninfected,pre,#NAME?,#NAME?,#NAME?
109,6/24/2021,jun_21,warm,LP,22,26.7,22.1,24.4,25.42857143,68.903,9.843285714,Amphibia,Caudata,Sirenidae,PSST,J,0,0,0,pre,0,0,0,0,0,0,Uninfected,pre,#NAME?,#NAME?,#NAME?
110,6/24/2021,jun_21,warm,LP,22,26.7,22.1,24.4,25.42857143,68.903,9.843285714,Amphibia,Caudata,Salamandridae,NOVI,L,0,0,0,pre,0,0,0,0,0,0,Uninfected,pre,#NAME?,#NAME?,#NAME?
111,6/24/2021,jun_21,warm,LP,22,26.7,22.1,24.4,25.42857143,68.903,9.843285714,Amphibia,Caudata,Salamandridae,NOVI,L,0,0,0,pre,0,0,0,0,0,0,Uninfected,pre,#NAME?,#NAME?,#NAME?
112,6/24/2021,jun_21,warm,LP,22,26.7,22.1,24.4,25.42857143,68.903,9.843285714,Amphibia,Caudata,Salamandridae,NOVI,L,0,0,0,pre,0,0,0,0,0,0,Uninfected,pre,#NAME?,#NAME?,#NAME?
113,6/24/2021,jun_21,warm,LP,22,26.7,22.1,24.4,25.42857143,68.903,9.843285714,Amphibia,Caudata,Ambystomatidae,AMTA,L,0,0,0,pre,0,0,0,0,0,0,Uninfected,pre,#NAME?,#NAME?,#NAME?
114,6/24/2021,jun_21,warm,LP,22,26.7,22.1,24.4,25.42857143,68.903,9.843285714,Amphibia,Caudata,Salamandridae,NOVI,L,0,0,0,pre,0,0,0,0,0,0,Uninfected,pre,#NAME?,#NAME?,#NAME?
115,6/24/2021,jun_21,warm,LP,22,26.7,22.1,24.4,25.42857143,68.903,9.843285714,Amphibia,Caudata,Salamandridae,NOVI,L,0,0,0,pre,0,0,0,0,0,0,Uninfected,pre,#NAME?,#NAME?,#NAME?
116,6/24/2021,jun_21,warm,LP,22,26.7,22.1,24.4,25.42857143,68.903,9.843285714,Amphibia,Anura,Hylidae,ACGR,L,0,0,0,pre,0,0,0,0,0,0,Uninfected,pre,#NAME?,#NAME?,#NAME?
117,6/24/2021,jun_21,warm,LP,22,26.7,22.1,24.4,25.42857143,68.903,9.843285714,Amphibia,Anura,Hylidae,ACGR,L,0,0,0,pre,0,0,0,0,0,0,Uninfected,pre,#NAME?,#NAME?,#NAME?
118,6/25/2021,jun_21,warm,LP,22,30.5,19.7,24.4,25.05714286,68.84,9.834285714,Amphibia,Caudata,Salamandridae,NOVI,A,0,0,0,post,0,0,0,0,0,0,Uninfected,post,#NAME?,#NAME?,#NAME?
119,6/25/2021,jun_21,warm,LP,48,30.5,19.7,24.4,25.05714286,68.84,9.834285714,Amphibia,Caudata,Salamandridae,NOPE,L,0,0,0,pre,0,0,0,0,0,0,Uninfected,pre,#NAME?,#NAME?,#NAME?
120,6/25/2021,jun_21,warm,LP,48,30.5,19.7,24.4,25.05714286,68.84,9.834285714,Amphibia,Caudata,Salamandridae,NOPE,L,0,0,0,pre,0,0,0,0,0,0,Uninfected,pre,#NAME?,#NAME?,#NAME?
121,6/25/2021,jun_21,warm,LP,48,30.5,19.7,24.4,25.05714286,68.84,9.834285714,Amphibia,Anura,Bufonidae,ANQU,A,0,0,0,post,0,0,0,0,0,0,Uninfected,post,#NAME?,#NAME?,#NAME?
122,6/25/2021,jun_21,warm,LP,48,30.5,19.7,24.4,25.05714286,68.84,9.834285714,Amphibia,Caudata,Plethodontidae,EUQU,A,0,0,0,post,0,0,0,0,0,0,Uninfected,post,#NAME?,#NAME?,#NAME?
123,6/25/2021,jun_21,warm,LP,48,30.5,19.7,24.4,25.05714286,68.84,9.834285714,Amphibia,Caudata,Sirenidae,PSST,A,0,0,0,pre,0,0,0,0,0,0,Uninfected,pre,#NAME?,#NAME?,#NAME?
124,6/25/2021,jun_21,warm,LP,48,30.5,19.7,24.4,25.05714286,68.84,9.834285714,Amphibia,Caudata,Salamandridae,NOPE,L,0,0,0,pre,0,0,0,0,0,0,Uninfected,pre,#NAME?,#NAME?,#NAME?
125,10/1/2021,oct_21,warm,LP,48,31.3,19.8,25.1,23.8,0,0,Amphibia,Caudata,Salamandridae,NOVI,L,0,0,0,pre,0,0,0,0,0,0,Uninfected,pre,#NAME?,#NAME?,#NAME?
126,10/1/2021,oct_21,warm,LP,48,31.3,19.8,25.1,23.8,0,0,Amphibia,Caudata,Ambystomatidae,AMTA,L,0,0,0,pre,0,0,0,0,0,0,Uninfected,pre,#NAME?,#NAME?,#NAME?
127,10/1/2021,oct_21,warm,LP,48,31.3,19.8,25.1,23.8,0,0,Amphibia,Caudata,Salamandridae,NOVI,L,0,0,0,pre,0,0,0,0,0,0,Uninfected,pre,#NAME?,#NAME?,#NAME?
128,10/1/2021,oct_21,warm,LP,48,31.3,19.8,25.1,23.8,0,0,Amphibia,Anura,Ranidae,LIGR,L,0,0,0,pre,0,0,0,0,0,0,Uninfected,pre,#NAME?,#NAME?,#NAME?
129,10/1/2021,oct_21,warm,LP,48,31.3,19.8,25.1,23.8,0,0,Amphibia,Caudata,Ambystomatidae,AMTA,L,0,0,0,pre,0,0,0,0,0,0,Uninfected,pre,#NAME?,#NAME?,#NAME?
130,10/1/2021,oct_21,warm,LP,48,31.3,19.8,25.1,23.8,0,0,Amphibia,Caudata,Ambystomatidae,AMTA,L,0,0,0,pre,0,0,0,0,0,0,Uninfected,pre,#NAME?,#NAME?,#NAME?
131,10/1/2021,oct_21,warm,LP,48,31.3,19.8,25.1,23.8,0,0,Amphibia,Caudata,Sirenidae,PSST,A,0,0,0,pre,0,0,0,0,0,0,Uninfected,pre,#NAME?,#NAME?,#NAME?
132,10/1/2021,oct_21,warm,LP,48,31.3,19.8,25.1,23.8,0,0,Amphibia,Caudata,Sirenidae,PSST,A,0,1.07,0,pre,1,0,0,0,214,0,Rv,pre,#NAME?,#NAME?,5.365976015
133,10/1/2021,oct_21,warm,LP,48,31.3,19.8,25.1,23.8,0,0,Amphibia,Anura,Hylidae,ACGR,MA,0,0,0,pre,0,0,0,0,0,0,Uninfected,pre,#NAME?,#NAME?,#NAME?
134,10/1/2021,oct_21,warm,LP,48,31.3,19.8,25.1,23.8,0,0,Amphibia,Caudata,Sirenidae,PSST,A,0,0,0,pre,0,0,0,0,0,0,Uninfected,pre,#NAME?,#NAME?,#NAME?
135,10/1/2021,oct_21,warm,LP,48,31.3,19.8,25.1,23.8,0,0,Amphibia,Anura,Hylidae,ACGR,MA,0,0.95,0,pre,1,0,0,0,190,0,Rv,pre,#NAME?,#NAME?,5.247024072
136,10/1/2021,oct_21,warm,LP,48,31.3,19.8,25.1,23.8,0,0,Amphibia,Anura,Hylidae,ACGR,L,0,0,0,pre,0,0,0,0,0,0,Uninfected,pre,#NAME?,#NAME?,#NAME?
137,10/1/2021,oct_21,warm,LP,48,31.3,19.8,25.1,23.8,0,0,Amphibia,Caudata,Salamandridae,NOPE,PA,0,0,0,pre,0,0,0,0,0,0,Uninfected,pre,#NAME?,#NAME?,#NAME?
138,10/1/2021,oct_21,warm,LP,48,31.3,19.8,25.1,23.8,0,0,Amphibia,Anura,Hylidae,ACGR,L,0,0,0,pre,0,0,0,0,0,0,Uninfected,pre,#NAME?,#NAME?,#NAME?
139,10/1/2021,oct_21,warm,LP,48,31.3,19.8,25.1,23.8,0,0,Amphibia,Caudata,Salamandridae,NOPE,MA,0,0,0,mid,0,0,0,0,0,0,Uninfected,post,#NAME?,#NAME?,#NAME?
140,10/1/2021,oct_21,warm,LP,48,31.3,19.8,25.1,23.8,0,0,Amphibia,Anura,Hylidae,ACGR,L,0,0,0,pre,0,0,0,0,0,0,Uninfected,pre,#NAME?,#NAME?,#NAME?
141,10/1/2021,oct_21,warm,LP,48,31.3,19.8,25.1,23.8,0,0,Amphibia,Caudata,Salamandridae,NOPE,PA,0,0,0,pre,0,0,0,0,0,0,Uninfected,pre,#NAME?,#NAME?,#NAME?
142,10/1/2021,oct_21,warm,LP,48,31.3,19.8,25.1,23.8,0,0,Amphibia,Anura,Hylidae,ACGR,L,0,0,0,pre,0,0,0,0,0,0,Uninfected,pre,#NAME?,#NAME?,#NAME?
143,10/1/2021,oct_21,warm,LP,48,31.3,19.8,25.1,23.8,0,0,Amphibia,Caudata,Salamandridae,NOPE,PA,0,0,0,pre,0,0,0,0,0,0,Uninfected,pre,#NAME?,#NAME?,#NAME?
144,10/1/2021,oct_21,warm,LP,48,31.3,19.8,25.1,23.8,0,0,Amphibia,Anura,Hylidae,ACGR,L,0,0,0,pre,0,0,0,0,0,0,Uninfected,pre,#NAME?,#NAME?,#NAME?
145,10/1/2021,oct_21,warm,LP,48,31.3,19.8,25.1,23.8,0,0,Amphibia,Caudata,Salamandridae,NOPE,PA,0,0,0,pre,0,0,0,0,0,0,Uninfected,pre,#NAME?,#NAME?,#NAME?
146,10/1/2021,oct_21,warm,LP,48,31.3,19.8,25.1,23.8,0,0,Amphibia,Anura,Ranidae,LISP,L,0,0,0,pre,0,0,0,0,0,0,Uninfected,pre,#NAME?,#NAME?,#NAME?
147,10/1/2021,oct_21,warm,LP,48,31.3,19.8,25.1,23.8,0,0,Amphibia,Caudata,Salamandridae,NOPE,PA,0,0,0,pre,0,0,0,0,0,0,Uninfected,pre,#NAME?,#NAME?,#NAME?
148,10/1/2021,oct_21,warm,LP,48,31.3,19.8,25.1,23.8,0,0,Amphibia,Caudata,Salamandridae,NOPE,PA,0,0,0,pre,0,0,0,0,0,0,Uninfected,pre,#NAME?,#NAME?,#NAME?
149,10/1/2021,oct_21,warm,LP,48,31.3,19.8,25.1,23.8,0,0,Amphibia,Caudata,Salamandridae,NOPE,L,0,0,0,pre,0,0,0,0,0,0,Uninfected,pre,#NAME?,#NAME?,#NAME?
150,10/1/2021,oct_21,warm,LP,48,31.3,19.8,25.1,23.8,0,0,Amphibia,Caudata,Salamandridae,NOPE,PA,0,0,0,pre,0,0,0,0,0,0,Uninfected,pre,#NAME?,#NAME?,#NAME?
151,10/1/2021,oct_21,warm,LP,48,31.3,19.8,25.1,23.8,0,0,Amphibia,Caudata,Salamandridae,NOPE,PA,0,0,0,pre,0,0,0,0,0,0,Uninfected,pre,#NAME?,#NAME?,#NAME?
152,10/1/2021,oct_21,warm,LP,48,31.3,19.8,25.1,23.8,0,0,Amphibia,Caudata,Salamandridae,NOPE,PA,0,0,0,pre,0,0,0,0,0,0,Uninfected,pre,#NAME?,#NAME?,#NAME?
153,10/1/2021,oct_21,warm,LP,48,31.3,19.8,25.1,23.8,0,0,Amphibia,Caudata,Salamandridae,NOPE,PA,0,0,0,pre,0,0,0,0,0,0,Uninfected,pre,#NAME?,#NAME?,#NAME?
154,10/1/2021,oct_21,warm,LP,48,31.3,19.8,25.1,23.8,0,0,Amphibia,Caudata,Salamandridae,NOPE,L,0,0,0,pre,0,0,0,0,0,0,Uninfected,pre,#NAME?,#NAME?,#NAME?
155,10/1/2021,oct_21,warm,LP,48,31.3,19.8,25.1,23.8,0,0,Amphibia,Caudata,Salamandridae,NOPE,PA,0,0,0,pre,0,0,0,0,0,0,Uninfected,pre,#NAME?,#NAME?,#NAME?
156,10/1/2021,oct_21,warm,LP,48,31.3,19.8,25.1,23.8,0,0,Amphibia,Caudata,Salamandridae,NOPE,PA,0,0,0,pre,0,0,0,0,0,0,Uninfected,pre,#NAME?,#NAME?,#NAME?
157,10/1/2021,oct_21,warm,LP,48,31.3,19.8,25.1,23.8,0,0,Amphibia,Caudata,Salamandridae,NOPE,PA,0,0,0,pre,0,0,0,0,0,0,Uninfected,pre,#NAME?,#NAME?,#NAME?
158,10/1/2021,oct_21,warm,LP,48,31.3,19.8,25.1,23.8,0,0,Amphibia,Caudata,Salamandridae,NOPE,PA,0,0,0,pre,0,0,0,0,0,0,Uninfected,pre,#NAME?,#NAME?,#NAME?
159,10/1/2021,oct_21,warm,LP,48,31.3,19.8,25.1,23.8,0,0,Amphibia,Caudata,Salamandridae,NOPE,PA,0,0,0,pre,0,0,0,0,0,0,Uninfected,pre,#NAME?,#NAME?,#NAME?
160,10/1/2021,oct_21,warm,LP,48,31.3,19.8,25.1,23.8,0,0,Amphibia,Caudata,Salamandridae,NOPE,PA,0,0,0,pre,0,0,0,0,0,0,Uninfected,pre,#NAME?,#NAME?,#NAME?
161,10/1/2021,oct_21,warm,LP,48,31.3,19.8,25.1,23.8,0,0,Amphibia,Caudata,Salamandridae,NOPE,PA,0,0,0,pre,0,0,0,0,0,0,Uninfected,pre,#NAME?,#NAME?,#NAME?
162,10/1/2021,oct_21,warm,LP,48,31.3,19.8,25.1,23.8,0,0,Amphibia,Caudata,Salamandridae,NOPE,PA,0,0,0,pre,0,0,0,0,0,0,Uninfected,pre,#NAME?,#NAME?,#NAME?
163,10/1/2021,oct_21,warm,LP,48,31.3,19.8,25.1,23.8,0,0,Amphibia,Caudata,Salamandridae,NOVI,L,0,0,0,pre,0,0,0,0,0,0,Uninfected,pre,#NAME?,#NAME?,#NAME?
164,10/1/2021,oct_21,warm,LP,48,31.3,19.8,25.1,23.8,0,0,Amphibia,Caudata,Salamandridae,NOVI,L,0,0,0,pre,0,0,0,0,0,0,Uninfected,pre,#NAME?,#NAME?,#NAME?
165,10/1/2021,oct_21,warm,LP,48,31.3,19.8,25.1,23.8,0,0,Amphibia,Caudata,Salamandridae,NOVI,L,0,0,0,pre,0,0,0,0,0,0,Uninfected,pre,#NAME?,#NAME?,#NAME?
166,10/1/2021,oct_21,warm,LP,48,31.3,19.8,25.1,23.8,0,0,Amphibia,Caudata,Salamandridae,NOVI,PA,0,0,0,pre,0,0,0,0,0,0,Uninfected,pre,#NAME?,#NAME?,#NAME?
167,3/7/2022,mar_22,cool,LP,48,28.3,14.6,21.2,17.38571429,7.837,1.119571429,Amphibia,Caudata,Salamandridae,NOVI,MA,299.4,0,0,mid,0,1,0,59880,0,0,Bd,post,10.97253371,#NAME?,#NAME?
168,3/7/2022,mar_22,cool,LP,48,28.3,14.6,21.2,17.38571429,7.837,1.119571429,Amphibia,Caudata,Salamandridae,NOPE,PA,0,0,0,pre,0,0,0,0,0,0,Uninfected,pre,#NAME?,#NAME?,#NAME?
169,3/7/2022,mar_22,cool,LP,48,28.3,14.6,21.2,17.38571429,7.837,1.119571429,Amphibia,Caudata,Salamandridae,NOPE,PA,0,0,0,pre,0,0,0,0,0,0,Uninfected,pre,#NAME?,#NAME?,#NAME?
170,3/7/2022,mar_22,cool,LP,48,28.3,14.6,21.2,17.38571429,7.837,1.119571429,Amphibia,Caudata,Salamandridae,NOPE,MA,0,0,0,mid,0,0,0,0,0,0,Uninfected,post,#NAME?,#NAME?,#NAME?
171,3/7/2022,mar_22,cool,LP,48,28.3,14.6,21.2,17.38571429,7.837,1.119571429,Amphibia,Caudata,Salamandridae,NOVI,MA,0,0,0,mid,0,0,0,0,0,0,Uninfected,post,#NAME?,#NAME?,#NAME?
172,3/7/2022,mar_22,cool,LP,48,28.3,14.6,21.2,17.38571429,7.837,1.119571429,Amphibia,Caudata,Salamandridae,NOPE,PA,0,0,0,pre,0,0,0,0,0,0,Uninfected,pre,#NAME?,#NAME?,#NAME?
173,3/7/2022,mar_22,cool,LP,48,28.3,14.6,21.2,17.38571429,7.837,1.119571429,Amphibia,Caudata,Salamandridae,NOPE,PA,0,0,0,pre,0,0,0,0,0,0,Uninfected,pre,#NAME?,#NAME?,#NAME?
174,3/7/2022,mar_22,cool,LP,48,28.3,14.6,21.2,17.38571429,7.837,1.119571429,Amphibia,Caudata,Salamandridae,NOPE,PA,8.23,0,0,pre,0,1,0,1646,0,0,Bd,pre,7.206377291,#NAME?,#NAME?
175,3/7/2022,mar_22,cool,LP,48,28.3,14.6,21.2,17.38571429,7.837,1.119571429,Amphibia,Caudata,Salamandridae,NOVI,MA,0,0,0,mid,0,0,0,0,0,0,Uninfected,post,#NAME?,#NAME?,#NAME?
176,3/7/2022,mar_22,cool,LP,48,28.3,14.6,21.2,17.38571429,7.837,1.119571429,Amphibia,Caudata,Ambystomatidae,AMTA,PA,0,0,0,pre,0,0,0,0,0,0,Uninfected,pre,#NAME?,#NAME?,#NAME?
177,3/7/2022,mar_22,cool,LP,48,28.3,14.6,21.2,17.38571429,7.837,1.119571429,Amphibia,Caudata,Ambystomatidae,AMTA,PA,0,0,0,pre,0,0,0,0,0,0,Uninfected,pre,#NAME?,#NAME?,#NAME?
178,3/7/2022,mar_22,cool,LP,48,28.3,14.6,21.2,17.38571429,7.837,1.119571429,Amphibia,Caudata,Ambystomatidae,AMTA,L,0,0,0,pre,0,0,0,0,0,0,Uninfected,pre,#NAME?,#NAME?,#NAME?
179,3/7/2022,mar_22,cool,LP,48,28.3,14.6,21.2,17.38571429,7.837,1.119571429,Amphibia,Caudata,Ambystomatidae,AMTA,L,0,0,0,pre,0,0,0,0,0,0,Uninfected,pre,#NAME?,#NAME?,#NAME?
180,3/7/2022,mar_22,cool,LP,48,28.3,14.6,21.2,17.38571429,7.837,1.119571429,Amphibia,Caudata,Ambystomatidae,AMTA,PA,0,0,0,pre,0,0,0,0,0,0,Uninfected,pre,#NAME?,#NAME?,#NAME?
181,3/7/2022,mar_22,cool,LP,48,28.3,14.6,21.2,17.38571429,7.837,1.119571429,Amphibia,Caudata,Ambystomatidae,AMTA,PA,0,0,0,pre,0,0,0,0,0,0,Uninfected,pre,#NAME?,#NAME?,#NAME?
182,3/7/2022,mar_22,cool,LP,48,28.3,14.6,21.2,17.38571429,7.837,1.119571429,Amphibia,Caudata,Ambystomatidae,AMTA,PA,0,0,0,pre,0,0,0,0,0,0,Uninfected,pre,#NAME?,#NAME?,#NAME?
183,3/7/2022,mar_22,cool,LP,48,28.3,14.6,21.2,17.38571429,7.837,1.119571429,Amphibia,Caudata,Ambystomatidae,AMTA,L,0,0,0,pre,0,0,0,0,0,0,Uninfected,pre,#NAME?,#NAME?,#NAME?
184,3/7/2022,mar_22,cool,LP,48,28.3,14.6,21.2,17.38571429,7.837,1.119571429,Amphibia,Caudata,Sirenidae,PSST,A,0,0,0,pre,0,0,0,0,0,0,Uninfected,pre,#NAME?,#NAME?,#NAME?
185,3/7/2022,mar_22,cool,LP,48,28.3,14.6,21.2,17.38571429,7.837,1.119571429,Amphibia,Caudata,Sirenidae,PSST,A,0,0,0,pre,0,0,0,0,0,0,Uninfected,pre,#NAME?,#NAME?,#NAME?
186,3/7/2022,mar_22,cool,LP,48,28.3,14.6,21.2,17.38571429,7.837,1.119571429,Amphibia,Caudata,Sirenidae,PSST,J,0,0,0,pre,0,0,0,0,0,0,Uninfected,pre,#NAME?,#NAME?,#NAME?
187,3/7/2022,mar_22,cool,LP,48,28.3,14.6,21.2,17.38571429,7.837,1.119571429,Amphibia,Caudata,Sirenidae,PSST,J,0,0,0,pre,0,0,0,0,0,0,Uninfected,pre,#NAME?,#NAME?,#NAME?
188,3/7/2022,mar_22,cool,LP,48,28.3,14.6,21.2,17.38571429,7.837,1.119571429,Amphibia,Caudata,Sirenidae,PSST,J,0,0,0,pre,0,0,0,0,0,0,Uninfected,pre,#NAME?,#NAME?,#NAME?
189,3/7/2022,mar_22,cool,LP,48,28.3,14.6,21.2,17.38571429,7.837,1.119571429,Amphibia,Caudata,Sirenidae,PSST,J,0,0,0,pre,0,0,0,0,0,0,Uninfected,pre,#NAME?,#NAME?,#NAME?
190,3/7/2022,mar_22,cool,LP,48,28.3,14.6,21.2,17.38571429,7.837,1.119571429,Amphibia,Caudata,Sirenidae,PSST,J,0,0,0,pre,0,0,0,0,0,0,Uninfected,pre,#NAME?,#NAME?,#NAME?
191,3/7/2022,mar_22,cool,LP,48,28.3,14.6,21.2,17.38571429,7.837,1.119571429,Amphibia,Caudata,Sirenidae,PSST,J,0,0,0,pre,0,0,0,0,0,0,Uninfected,pre,#NAME?,#NAME?,#NAME?
192,3/7/2022,mar_22,cool,LP,48,28.3,14.6,21.2,17.38571429,7.837,1.119571429,Amphibia,Caudata,Sirenidae,SILA,A,1.02,0,0,pre,0,1,0,204,0,0,Bd,pre,5.062595033,#NAME?,#NAME?
193,3/7/2022,mar_22,cool,LP,48,28.3,14.6,21.2,17.38571429,7.837,1.119571429,Amphibia,Anura,Ranidae,LIGR,L,0,0,0,pre,0,0,0,0,0,0,Uninfected,pre,#NAME?,#NAME?,#NAME?
194,3/7/2022,mar_22,cool,LP,48,28.3,14.6,21.2,17.38571429,7.837,1.119571429,Amphibia,Anura,Ranidae,LICA,L,0,0,0,pre,0,0,0,0,0,0,Uninfected,pre,#NAME?,#NAME?,#NAME?
195,3/7/2022,mar_22,cool,LP,48,28.3,14.6,21.2,17.38571429,7.837,1.119571429,Amphibia,Anura,Ranidae,LIGR,L,0,0,0,mid,0,0,0,0,0,0,Uninfected,post,#NAME?,#NAME?,#NAME?
196,3/7/2022,mar_22,cool,LP,48,28.3,14.6,21.2,17.38571429,7.837,1.119571429,Amphibia,Anura,Ranidae,LIGR,L,0,0,0,pre,0,0,0,0,0,0,Uninfected,pre,#NAME?,#NAME?,#NAME?
197,3/7/2022,mar_22,cool,LP,48,28.3,14.6,21.2,17.38571429,7.837,1.119571429,Amphibia,Anura,Ranidae,LISP,L,0,0,0,pre,0,0,0,0,0,0,Uninfected,pre,#NAME?,#NAME?,#NAME?
198,3/7/2022,mar_22,cool,LP,48,28.3,14.6,21.2,17.38571429,7.837,1.119571429,Amphibia,Anura,Ranidae,LIGR,L,0,0,0,pre,0,0,0,0,0,0,Uninfected,pre,#NAME?,#NAME?,#NAME?
199,3/7/2022,mar_22,cool,LP,48,28.3,14.6,21.2,17.38571429,7.837,1.119571429,Amphibia,Anura,Ranidae,LISP,L,0,0,0,pre,0,0,0,0,0,0,Uninfected,pre,#NAME?,#NAME?,#NAME?
200,3/7/2022,mar_22,cool,LP,48,28.3,14.6,21.2,17.38571429,7.837,1.119571429,Amphibia,Anura,Ranidae,LISP,L,0,0,2672.461,pre,0,0,1,0,0,534492.2,Pk,pre,#NAME?,13.18907242,#NAME?
201,3/7/2022,mar_22,cool,LP,48,28.3,14.6,21.2,17.38571429,7.837,1.119571429,Amphibia,Anura,Ranidae,LISP,L,0,0,0,pre,0,0,0,0,0,0,Uninfected,pre,#NAME?,#NAME?,#NAME?
202,3/7/2022,mar_22,cool,LP,52,28.3,14.6,21.2,17.38571429,7.837,1.119571429,Amphibia,Caudata,Salamandridae,NOVI,A,0,0,0,post,0,0,0,0,0,0,Uninfected,post,#NAME?,#NAME?,#NAME?
203,3/7/2022,mar_22,cool,LP,52,28.3,14.6,21.2,17.38571429,7.837,1.119571429,Amphibia,Caudata,Salamandridae,NOVI,MA,0,0,0,mid,0,0,0,0,0,0,Uninfected,post,#NAME?,#NAME?,#NAME?
204,3/7/2022,mar_22,cool,LP,52,28.3,14.6,21.2,17.38571429,7.837,1.119571429,Amphibia,Caudata,Salamandridae,NOVI,MA,0,0,0,mid,0,0,0,0,0,0,Uninfected,post,#NAME?,#NAME?,#NAME?
205,3/7/2022,mar_22,cool,LP,76,28.3,14.6,21.2,17.38571429,7.837,1.119571429,Amphibia,Caudata,Salamandridae,NOVI,MA,1.21,0,0,mid,0,1,0,242,0,0,Bd,post,5.648974238,#NAME?,#NAME?
206,3/7/2022,mar_22,cool,LP,76,28.3,14.6,21.2,17.38571429,7.837,1.119571429,Amphibia,Caudata,Salamandridae,NOVI,MA,31,0,0,mid,0,1,0,6200,0,0,Bd,post,8.587838031,#NAME?,#NAME?
207,3/7/2022,mar_22,cool,LP,76,28.3,14.6,21.2,17.38571429,7.837,1.119571429,Amphibia,Caudata,Salamandridae,NOVI,MA,24.62,0,196.92159,mid,0,1,1,4924,0,39384.318,Bd-Pk,post,8.514790307,10.581123,#NAME?
208,3/7/2022,mar_22,cool,LP,76,28.3,14.6,21.2,17.38571429,7.837,1.119571429,Amphibia,Caudata,Salamandridae,NOVI,PA,0,0,0,post,0,0,0,0,0,0,Uninfected,post,#NAME?,#NAME?,#NAME?
209,3/7/2022,mar_22,cool,LP,76,28.3,14.6,21.2,17.38571429,7.837,1.119571429,Amphibia,Caudata,Salamandridae,NOVI,MA,3.15,0,0,mid,0,1,0,630,0,0,Bd,post,6.226536669,#NAME?,#NAME?
210,3/7/2022,mar_22,cool,LP,76,28.3,14.6,21.2,17.38571429,7.837,1.119571429,Amphibia,Caudata,Salamandridae,NOVI,MA,2.22,0,0,mid,0,1,0,444,0,0,Bd,post,5.743003188,#NAME?,#NAME?
211,3/7/2022,mar_22,cool,LP,76,28.3,14.6,21.2,17.38571429,7.837,1.119571429,Amphibia,Anura,Ranidae,LICA,L,579.63,0,0,mid,0,1,0,115926,0,0,Bd,post,11.50777221,#NAME?,#NAME?
212,3/7/2022,mar_22,cool,LP,76,28.3,14.6,21.2,17.38571429,7.837,1.119571429,Amphibia,Anura,Ranidae,LICA,L,0,0,0,pre,0,0,0,0,0,0,Uninfected,pre,#NAME?,#NAME?,#NAME?
213,3/7/2022,mar_22,cool,LP,76,28.3,14.6,21.2,17.38571429,7.837,1.119571429,Amphibia,Anura,Ranidae,LICA,L,0,0,0,pre,0,0,0,0,0,0,Uninfected,pre,#NAME?,#NAME?,#NAME?
214,3/7/2022,mar_22,cool,LP,76,28.3,14.6,21.2,17.38571429,7.837,1.119571429,Amphibia,Anura,Ranidae,LICA,L,0,0,195.53017,pre,0,0,1,0,0,39106.034,Pk,pre,#NAME?,10.57403206,#NAME?
215,3/7/2022,mar_22,cool,LP,76,28.3,14.6,21.2,17.38571429,7.837,1.119571429,Amphibia,Anura,Ranidae,LISP,L,0,0,0,pre,0,0,0,0,0,0,Uninfected,pre,#NAME?,#NAME?,#NAME?
216,3/7/2022,mar_22,cool,LP,76,28.3,14.6,21.2,17.38571429,7.837,1.119571429,Amphibia,Anura,Ranidae,LISP,L,0,0,20572.215,pre,0,0,1,0,0,4114443,Pk,pre,#NAME?,15.23001402,#NAME?
217,3/7/2022,mar_22,cool,LP,40,28.3,14.6,21.2,17.38571429,7.837,1.119571429,Amphibia,Caudata,Salamandridae,NOVI,MA,0,0,0,mid,0,0,0,0,0,0,Uninfected,post,#NAME?,#NAME?,#NAME?
218,3/7/2022,mar_22,cool,LP,40,28.3,14.6,21.2,17.38571429,7.837,1.119571429,Amphibia,Caudata,Salamandridae,NOVI,MA,0,0,0,mid,0,0,0,0,0,0,Uninfected,post,#NAME?,#NAME?,#NAME?
219,3/7/2022,mar_22,cool,LP,40,28.3,14.6,21.2,17.38571429,7.837,1.119571429,Amphibia,Caudata,Ambystomatidae,AMTA,L,0,0,0,pre,0,0,0,0,0,0,Uninfected,pre,#NAME?,#NAME?,#NAME?
220,3/7/2022,mar_22,cool,LP,40,28.3,14.6,21.2,17.38571429,7.837,1.119571429,Amphibia,Anura,Ranidae,LISP,L,0,0,0,pre,0,0,0,0,0,0,Uninfected,pre,#NAME?,#NAME?,#NAME?
221,3/7/2022,mar_22,cool,LP,40,28.3,14.6,21.2,17.38571429,7.837,1.119571429,Amphibia,Anura,Ranidae,LISP,L,0,0,0,pre,0,0,0,0,0,0,Uninfected,pre,#NAME?,#NAME?,#NAME?
222,3/7/2022,mar_22,cool,LP,40,28.3,14.6,21.2,17.38571429,7.837,1.119571429,Amphibia,Anura,Ranidae,LISP,L,0,0,0,pre,0,0,0,0,0,0,Uninfected,pre,#NAME?,#NAME?,#NAME?
223,3/7/2022,mar_22,cool,LP,40,28.3,14.6,21.2,17.38571429,7.837,1.119571429,Amphibia,Anura,Hylidae,ACGR,A,0,0,0,post,0,0,0,0,0,0,Uninfected,post,#NAME?,#NAME?,#NAME?
224,3/7/2022,mar_22,cool,LP,42,28.3,14.6,21.2,17.38571429,7.837,1.119571429,Amphibia,Anura,Ranidae,LISP,L,0,0,0,pre,0,0,0,0,0,0,Uninfected,pre,#NAME?,#NAME?,#NAME?
225,3/7/2022,mar_22,cool,LP,42,28.3,14.6,21.2,17.38571429,7.837,1.119571429,Amphibia,Caudata,Salamandridae,NOVI,L,0,0,0,pre,0,0,0,0,0,0,Uninfected,pre,#NAME?,#NAME?,#NAME?
226,3/7/2022,mar_22,cool,LP,42,28.3,14.6,21.2,17.38571429,7.837,1.119571429,Amphibia,Caudata,Salamandridae,NOVI,PA,0,0,0,pre,0,0,0,0,0,0,Uninfected,pre,#NAME?,#NAME?,#NAME?
227,3/7/2022,mar_22,cool,LP,42,28.3,14.6,21.2,17.38571429,7.837,1.119571429,Amphibia,Anura,Hylidae,ACGR,A,0,0,0,post,0,0,0,0,0,0,Uninfected,post,#NAME?,#NAME?,#NAME?
228,3/7/2022,mar_22,cool,LP,109,28.3,14.6,21.2,17.38571429,7.837,1.119571429,Amphibia,Caudata,Salamandridae,NOVI,J,82.45,0,0,mid,0,1,0,16490,0,0,Bd,post,9.67180767,#NAME?,#NAME?
229,3/7/2022,mar_22,cool,LP,109,28.3,14.6,21.2,17.38571429,7.837,1.119571429,Amphibia,Anura,Ranidae,LISP,L,0.2,0,540.1734,pre,0,1,1,40,0,108034.68,Bd-Pk,pre,3.583518938,11.59020757,#NAME?
230,2/10/2022,feb_22,cool,LP,48,20.1,0.3,9.4,9.514285714,20.66,2.951428571,Amphibia,Anura,Ranidae,LIGR,L,0,0,0,pre,0,0,0,0,0,0,Uninfected,pre,#NAME?,#NAME?,#NAME?
231,2/10/2022,feb_22,cool,LP,48,20.1,0.3,9.4,9.514285714,20.66,2.951428571,Amphibia,Anura,Ranidae,LIGR,L,0,0,0,pre,0,0,0,0,0,0,Uninfected,pre,#NAME?,#NAME?,#NAME?
232,2/10/2022,feb_22,cool,LP,48,20.1,0.3,9.4,9.514285714,20.66,2.951428571,Amphibia,Anura,Ranidae,LISP,L,0,0,0,pre,0,0,0,0,0,0,Uninfected,pre,#NAME?,#NAME?,#NAME?
233,2/10/2022,feb_22,cool,LP,48,20.1,0.3,9.4,9.514285714,20.66,2.951428571,Amphibia,Anura,Ranidae,LISP,L,0,0,0,pre,0,0,0,0,0,0,Uninfected,pre,#NAME?,#NAME?,#NAME?
234,2/10/2022,feb_22,cool,LP,48,20.1,0.3,9.4,9.514285714,20.66,2.951428571,Amphibia,Anura,Ranidae,LISP,L,0,0,0,pre,0,0,0,0,0,0,Uninfected,pre,#NAME?,#NAME?,#NAME?
235,2/10/2022,feb_22,cool,LP,48,20.1,0.3,9.4,9.514285714,20.66,2.951428571,Amphibia,Anura,Ranidae,LICA,L,0,0,0,pre,0,0,0,0,0,0,Uninfected,pre,#NAME?,#NAME?,#NAME?
236,2/10/2022,feb_22,cool,LP,48,20.1,0.3,9.4,9.514285714,20.66,2.951428571,Amphibia,Caudata,Ambystomatidae,AMTA,PA,0,0,0,pre,0,0,0,0,0,0,Uninfected,pre,#NAME?,#NAME?,#NAME?
237,2/10/2022,feb_22,cool,LP,48,20.1,0.3,9.4,9.514285714,20.66,2.951428571,Amphibia,Caudata,Ambystomatidae,AMTA,PA,0,0,0,pre,0,0,0,0,0,0,Uninfected,pre,#NAME?,#NAME?,#NAME?
238,2/10/2022,feb_22,cool,LP,48,20.1,0.3,9.4,9.514285714,20.66,2.951428571,Amphibia,Caudata,Ambystomatidae,AMTA,PA,0,0,0,pre,0,0,0,0,0,0,Uninfected,pre,#NAME?,#NAME?,#NAME?
239,2/10/2022,feb_22,cool,LP,48,20.1,0.3,9.4,9.514285714,20.66,2.951428571,Amphibia,Caudata,Ambystomatidae,AMTA,PA,0,0,0,pre,0,0,0,0,0,0,Uninfected,pre,#NAME?,#NAME?,#NAME?
240,2/10/2022,feb_22,cool,LP,48,20.1,0.3,9.4,9.514285714,20.66,2.951428571,Amphibia,Anura,Ranidae,LIGR,L,0,0,0,pre,0,0,0,0,0,0,Uninfected,pre,#NAME?,#NAME?,#NAME?
241,2/10/2022,feb_22,cool,LP,48,20.1,0.3,9.4,9.514285714,20.66,2.951428571,Amphibia,Caudata,Ambystomatidae,AMTA,PA,0,0,0,pre,0,0,0,0,0,0,Uninfected,pre,#NAME?,#NAME?,#NAME?
242,2/10/2022,feb_22,cool,LP,48,20.1,0.3,9.4,9.514285714,20.66,2.951428571,Amphibia,Caudata,Ambystomatidae,AMTA,PA,0,0,0,pre,0,0,0,0,0,0,Uninfected,pre,#NAME?,#NAME?,#NAME?
243,2/10/2022,feb_22,cool,LP,48,20.1,0.3,9.4,9.514285714,20.66,2.951428571,Amphibia,Caudata,Salamandridae,NOPE,PA,0,0,0,pre,0,0,0,0,0,0,Uninfected,pre,#NAME?,#NAME?,#NAME?
244,2/10/2022,feb_22,cool,LP,48,20.1,0.3,9.4,9.514285714,20.66,2.951428571,Amphibia,Caudata,Salamandridae,NOPE,PA,0,0,0,pre,0,0,0,0,0,0,Uninfected,pre,#NAME?,#NAME?,#NAME?
245,2/10/2022,feb_22,cool,LP,48,20.1,0.3,9.4,9.514285714,20.66,2.951428571,Amphibia,Caudata,Salamandridae,NOPE,PA,0,0,0,pre,0,0,0,0,0,0,Uninfected,pre,#NAME?,#NAME?,#NAME?
246,2/10/2022,feb_22,cool,LP,48,20.1,0.3,9.4,9.514285714,20.66,2.951428571,Amphibia,Caudata,Salamandridae,NOPE,PA,0,0,0,pre,0,0,0,0,0,0,Uninfected,pre,#NAME?,#NAME?,#NAME?
247,2/10/2022,feb_22,cool,LP,48,20.1,0.3,9.4,9.514285714,20.66,2.951428571,Amphibia,Caudata,Salamandridae,NOPE,PA,0,0,0,pre,0,0,0,0,0,0,Uninfected,pre,#NAME?,#NAME?,#NAME?
248,2/10/2022,feb_22,cool,LP,48,20.1,0.3,9.4,9.514285714,20.66,2.951428571,Amphibia,Caudata,Sirenidae,PSST,A,0,0,0,pre,0,0,0,0,0,0,Uninfected,pre,#NAME?,#NAME?,#NAME?
249,2/10/2022,feb_22,cool,LP,48,20.1,0.3,9.4,9.514285714,20.66,2.951428571,Amphibia,Caudata,Salamandridae,NOPE,PA,0,0,0,pre,0,0,0,0,0,0,Uninfected,pre,#NAME?,#NAME?,#NAME?
250,2/10/2022,feb_22,cool,LP,48,20.1,0.3,9.4,9.514285714,20.66,2.951428571,Amphibia,Caudata,Salamandridae,NOVI,MA,124.33,0,0,mid,0,1,0,24866,0,0,Bd,post,9.936245117,#NAME?,#NAME?
251,2/10/2022,feb_22,cool,LP,48,20.1,0.3,9.4,9.514285714,20.66,2.951428571,Amphibia,Anura,Ranidae,LIGR,L,0,0,0,pre,0,0,0,0,0,0,Uninfected,pre,#NAME?,#NAME?,#NAME?
252,2/10/2022,feb_22,cool,LP,48,20.1,0.3,9.4,9.514285714,20.66,2.951428571,Amphibia,Caudata,Salamandridae,NOPE,PA,0,0,0,pre,0,0,0,0,0,0,Uninfected,pre,#NAME?,#NAME?,#NAME?
253,2/10/2022,feb_22,cool,LP,48,20.1,0.3,9.4,9.514285714,20.66,2.951428571,Amphibia,Caudata,Salamandridae,NOPE,PA,0,0,0,pre,0,0,0,0,0,0,Uninfected,pre,#NAME?,#NAME?,#NAME?
254,2/10/2022,feb_22,cool,LP,48,20.1,0.3,9.4,9.514285714,20.66,2.951428571,Amphibia,Caudata,Salamandridae,NOPE,PA,0,0,0,pre,0,0,0,0,0,0,Uninfected,pre,#NAME?,#NAME?,#NAME?
255,2/10/2022,feb_22,cool,LP,48,20.1,0.3,9.4,9.514285714,20.66,2.951428571,Amphibia,Caudata,Salamandridae,NOPE,PA,0,0,0,pre,0,0,0,0,0,0,Uninfected,pre,#NAME?,#NAME?,#NAME?
256,2/10/2022,feb_22,cool,LP,48,20.1,0.3,9.4,9.514285714,20.66,2.951428571,Amphibia,Caudata,Salamandridae,NOPE,PA,0,0,0,pre,0,0,0,0,0,0,Uninfected,pre,#NAME?,#NAME?,#NAME?
257,2/10/2022,feb_22,cool,LP,48,20.1,0.3,9.4,9.514285714,20.66,2.951428571,Amphibia,Caudata,Salamandridae,NOPE,PA,0,0,0,pre,0,0,0,0,0,0,Uninfected,pre,#NAME?,#NAME?,#NAME?
258,2/10/2022,feb_22,cool,LP,48,20.1,0.3,9.4,9.514285714,20.66,2.951428571,Amphibia,Caudata,Salamandridae,NOVI,MA,32.54,0,0,mid,0,1,0,6508,0,0,Bd,post,8.673855001,#NAME?,#NAME?
259,2/10/2022,feb_22,cool,LP,48,20.1,0.3,9.4,9.514285714,20.66,2.951428571,Amphibia,Caudata,Salamandridae,NOPE,PA,0,0,0,pre,0,0,0,0,0,0,Uninfected,pre,#NAME?,#NAME?,#NAME?
260,2/10/2022,feb_22,cool,LP,48,20.1,0.3,9.4,9.514285714,20.66,2.951428571,Amphibia,Caudata,Salamandridae,NOPE,PA,0,0,0,pre,0,0,0,0,0,0,Uninfected,pre,#NAME?,#NAME?,#NAME?
261,2/10/2022,feb_22,cool,LP,48,20.1,0.3,9.4,9.514285714,20.66,2.951428571,Amphibia,Caudata,Sirenidae,SILA,J,0,0,0,pre,0,0,0,0,0,0,Uninfected,pre,#NAME?,#NAME?,#NAME?
262,2/10/2022,feb_22,cool,LP,48,20.1,0.3,9.4,9.514285714,20.66,2.951428571,Amphibia,Anura,Ranidae,LIGR,L,0,0,0,pre,0,0,0,0,0,0,Uninfected,pre,#NAME?,#NAME?,#NAME?
263,2/10/2022,feb_22,cool,LP,48,20.1,0.3,9.4,9.514285714,20.66,2.951428571,Amphibia,Caudata,Salamandridae,NOPE,PA,0,0,0,pre,0,0,0,0,0,0,Uninfected,pre,#NAME?,#NAME?,#NAME?
264,2/10/2022,feb_22,cool,LP,48,20.1,0.3,9.4,9.514285714,20.66,2.951428571,Amphibia,Caudata,Salamandridae,NOPE,PA,0,0,0,pre,0,0,0,0,0,0,Uninfected,pre,#NAME?,#NAME?,#NAME?
265,2/10/2022,feb_22,cool,LP,48,20.1,0.3,9.4,9.514285714,20.66,2.951428571,Amphibia,Caudata,Salamandridae,NOPE,PA,0,0,0,pre,0,0,0,0,0,0,Uninfected,pre,#NAME?,#NAME?,#NAME?
266,2/10/2022,feb_22,cool,LP,42,20.1,0.3,9.4,9.514285714,20.66,2.951428571,Amphibia,Caudata,Salamandridae,NOVI,MA,65.23,0,0,mid,0,1,0,13046,0,0,Bd,post,9.400133944,#NAME?,#NAME?
267,2/10/2022,feb_22,cool,LP,42,20.1,0.3,9.4,9.514285714,20.66,2.951428571,Amphibia,Caudata,Salamandridae,NOVI,MA,0.67,0,0,mid,0,1,0,134,0,0,Bd,post,4.521788577,#NAME?,#NAME?
268,2/10/2022,feb_22,cool,LP,42,20.1,0.3,9.4,9.514285714,20.66,2.951428571,Amphibia,Caudata,Salamandridae,NOVI,MA,8.11,10448.81,0,mid,1,1,0,1622,2089762,0,Bd-Rv,post,7.376508126,#NAME?,14.55256074
269,2/10/2022,feb_22,cool,LP,42,20.1,0.3,9.4,9.514285714,20.66,2.951428571,Amphibia,Caudata,Salamandridae,NOVI,MA,4.65,0,0,mid,0,1,0,930,0,0,Bd,post,6.777646594,#NAME?,#NAME?
270,2/10/2022,feb_22,cool,LP,42,20.1,0.3,9.4,9.514285714,20.66,2.951428571,Amphibia,Caudata,Salamandridae,NOVI,MA,0,0,0,mid,0,0,0,0,0,0,Uninfected,post,#NAME?,#NAME?,#NAME?
271,2/10/2022,feb_22,cool,LP,42,20.1,0.3,9.4,9.514285714,20.66,2.951428571,Amphibia,Caudata,Salamandridae,NOPE,PA,0,0,0,pre,0,0,0,0,0,0,Uninfected,pre,#NAME?,#NAME?,#NAME?
272,2/10/2022,feb_22,cool,LP,42,20.1,0.3,9.4,9.514285714,20.66,2.951428571,Amphibia,Caudata,Salamandridae,NOPE,PA,0,0,0,pre,0,0,0,0,0,0,Uninfected,pre,#NAME?,#NAME?,#NAME?
273,2/10/2022,feb_22,cool,LP,48,20.1,0.3,9.4,9.514285714,20.66,2.951428571,Amphibia,Anura,Ranidae,LIGR,L,0,0,0,pre,0,0,0,0,0,0,Uninfected,pre,#NAME?,#NAME?,#NAME?
274,2/10/2022,feb_22,cool,LP,42,20.1,0.3,9.4,9.514285714,20.66,2.951428571,Amphibia,Caudata,Ambystomatidae,AMTA,PA,0,0,0,pre,0,0,0,0,0,0,Uninfected,pre,#NAME?,#NAME?,#NAME?
275,2/10/2022,feb_22,cool,LP,109,20.1,0.3,9.4,9.514285714,20.66,2.951428571,Amphibia,Caudata,Salamandridae,NOVI,A,1235.63,0,0,post,0,1,0,247126,0,0,Bd,post,12.39805571,#NAME?,#NAME?
276,2/10/2022,feb_22,cool,LP,109,20.1,0.3,9.4,9.514285714,20.66,2.951428571,Amphibia,Anura,Hylidae,PSNI,A,192.47,0,0,post,0,1,0,38494,0,0,Bd,post,10.50539625,#NAME?,#NAME?
277,2/10/2022,feb_22,cool,LP,48,20.1,0.3,9.4,9.514285714,20.66,2.951428571,Amphibia,Caudata,Sirenidae,PSST,A,0,0,0,pre,0,0,0,0,0,0,Uninfected,pre,#NAME?,#NAME?,#NAME?
278,2/10/2022,feb_22,cool,LP,48,20.1,0.3,9.4,9.514285714,20.66,2.951428571,Amphibia,Caudata,Sirenidae,SILA,J,0,0,0,pre,0,0,0,0,0,0,Uninfected,pre,#NAME?,#NAME?,#NAME?
279,2/10/2022,feb_22,cool,LP,48,20.1,0.3,9.4,9.514285714,20.66,2.951428571,Amphibia,Caudata,Sirenidae,SILA,J,0,0,0,pre,0,0,0,0,0,0,Uninfected,pre,#NAME?,#NAME?,#NAME?
280,2/10/2022,feb_22,cool,LP,48,20.1,0.3,9.4,9.514285714,20.66,2.951428571,Amphibia,Caudata,Sirenidae,SILA,J,0,0,0,pre,0,0,0,0,0,0,Uninfected,pre,#NAME?,#NAME?,#NAME?
281,2/10/2022,feb_22,cool,LP,22,20.1,0.3,9.4,9.514285714,20.66,2.951428571,Amphibia,Caudata,Salamandridae,NOVI,L,309.2,0,0,mid,0,1,0,61840,0,0,Bd,post,11.01938296,#NAME?,#NAME?
282,2/10/2022,feb_22,cool,LP,22,20.1,0.3,9.4,9.514285714,20.66,2.951428571,Amphibia,Caudata,Salamandridae,NOVI,L,0,0,0,mid,0,0,0,0,0,0,Uninfected,post,#NAME?,#NAME?,#NAME?
283,2/10/2022,feb_22,cool,LP,22,20.1,0.3,9.4,9.514285714,20.66,2.951428571,Amphibia,Anura,Ranidae,LICA,A,14.46,0,0,pre,0,1,0,2892,0,0,Bd,pre,7.66293785,#NAME?,#NAME?
284,2/10/2022,feb_22,cool,LP,48,20.1,0.3,9.4,9.514285714,20.66,2.951428571,Amphibia,Anura,Ranidae,LIGR,L,0.22,0,0,pre,0,1,0,44,0,0,Bd,pre,3.737669618,#NAME?,#NAME?
285,2/10/2022,feb_22,cool,LP,48,20.1,0.3,9.4,9.514285714,20.66,2.951428571,Amphibia,Anura,Ranidae,LIGR,L,0,0,0,pre,0,0,0,0,0,0,Uninfected,pre,#NAME?,#NAME?,#NAME?
286,2/10/2022,feb_22,cool,LP,48,20.1,0.3,9.4,9.514285714,20.66,2.951428571,Amphibia,Anura,Ranidae,LISP,L,0,0,0,pre,0,0,0,0,0,0,Uninfected,pre,#NAME?,#NAME?,#NAME?
287,2/10/2022,feb_22,cool,LP,48,20.1,0.3,9.4,9.514285714,20.66,2.951428571,Amphibia,Anura,Ranidae,LIGR,L,0,0,0,pre,0,0,0,0,0,0,Uninfected,pre,#NAME?,#NAME?,#NAME?
288,2/10/2022,feb_22,cool,LP,48,20.1,0.3,9.4,9.514285714,20.66,2.951428571,Amphibia,Anura,Ranidae,LIGR,L,0,0,0,pre,0,0,0,0,0,0,Uninfected,pre,#NAME?,#NAME?,#NAME?
289,3/11/2021,mar_21,cool,LP,48,25,7.7,16.8,13.27142857,0,1.7,Amphibia,Anura,Hylidae,ACGR,A,1.65,0,0,post,0,1,0,330,0,0,Bd,post,4.094344562,#NAME?,#NAME?
290,3/11/2021,mar_21,cool,LP,48,25,7.7,16.8,13.27142857,0,1.7,Amphibia,Anura,Ranidae,LIGR,L,0,0,1896.7505,pre,0,0,1,0,0,379350.1,Pk,pre,#NAME?,12.8462148,#NAME?
291,3/11/2021,mar_21,cool,LP,48,25,7.7,16.8,13.27142857,0,1.7,Amphibia,Anura,Ranidae,LIGR,L,0,0,0,pre,0,0,0,0,0,0,Uninfected,pre,#NAME?,#NAME?,#NAME?
292,3/11/2021,mar_21,cool,LP,48,25,7.7,16.8,13.27142857,0,1.7,Amphibia,Anura,Ranidae,LISP,L,0,2.48,347.13666,pre,1,0,1,0,496,69427.332,Rv-Pk,pre,#NAME?,11.1480359,6.206575927
293,3/11/2021,mar_21,cool,LP,48,25,7.7,16.8,13.27142857,0,1.7,Amphibia,Anura,Hylidae,ACGR,A,0,0,0,post,0,0,0,0,0,0,Uninfected,post,#NAME?,#NAME?,#NAME?
294,3/11/2021,mar_21,cool,LP,48,25,7.7,16.8,13.27142857,0,1.7,Amphibia,Caudata,Sirenidae,PSST,A,0,0,0,pre,0,0,0,0,0,0,Uninfected,pre,#NAME?,#NAME?,#NAME?
295,3/11/2021,mar_21,cool,LP,48,25,7.7,16.8,13.27142857,0,1.7,Amphibia,Caudata,Sirenidae,PSST,A,0,0,0,pre,0,0,0,0,0,0,Uninfected,pre,#NAME?,#NAME?,#NAME?
296,3/11/2021,mar_21,cool,LP,48,25,7.7,16.8,13.27142857,0,1.7,Amphibia,Caudata,Sirenidae,PSST,A,0,0,0,pre,0,0,0,0,0,0,Uninfected,pre,#NAME?,#NAME?,#NAME?
297,3/11/2021,mar_21,cool,LP,48,25,7.7,16.8,13.27142857,0,1.7,Amphibia,Caudata,Ambystomatidae,AMTA,PA,0,0,140.40544,mid,0,0,1,0,0,28081.088,Pk,post,#NAME?,10.2428516,#NAME?
298,3/11/2021,mar_21,cool,LP,48,25,7.7,16.8,13.27142857,0,1.7,Amphibia,Caudata,Salamandridae,NOVI,PA,0,0,0,mid,0,0,0,0,0,0,Uninfected,post,#NAME?,#NAME?,#NAME?
299,3/11/2021,mar_21,cool,LP,48,25,7.7,16.8,13.27142857,0,1.7,Amphibia,Anura,Ranidae,LISP,L,0,0,0,pre,0,0,0,0,0,0,Uninfected,pre,#NAME?,#NAME?,#NAME?
300,3/11/2021,mar_21,cool,LP,48,25,7.7,16.8,13.27142857,0,1.7,Amphibia,Caudata,Salamandridae,NOVI,PA,96.12,0,0,pre,0,1,0,19224,0,0,Bd,pre,9.853982133,#NAME?,#NAME?
301,3/11/2021,mar_21,cool,LP,48,25,7.7,16.8,13.27142857,0,1.7,Amphibia,Caudata,Salamandridae,NOVI,PA,3128.65,0,0,pre,0,1,0,625730,0,0,Bd,pre,13.29767375,#NAME?,#NAME?
302,3/11/2021,mar_21,cool,LP,48,25,7.7,16.8,13.27142857,0,1.7,Amphibia,Caudata,Salamandridae,NOPE,A,7188.58,0,0,post,0,1,0,1437716,0,0,Bd,post,14.16344683,#NAME?,#NAME?
303,3/11/2021,mar_21,cool,LP,48,25,7.7,16.8,13.27142857,0,1.7,Amphibia,Caudata,Salamandridae,NOPE,A,796.3,8.48,0,post,1,1,0,159260,1696,0,Bd-Rv,post,11.84751021,#NAME?,7.436027816
304,3/11/2021,mar_21,cool,LP,48,25,7.7,16.8,13.27142857,0,1.7,Amphibia,Caudata,Salamandridae,NOPE,PA,0,27.07,0,pre,1,0,0,0,5414,0,Rv,pre,#NAME?,#NAME?,8.59674347
305,3/11/2021,mar_21,cool,LP,48,25,7.7,16.8,13.27142857,0,1.7,Amphibia,Caudata,Salamandridae,NOPE,PA,0.44,0,213.73097,pre,0,1,1,88,0,42746.194,Bd-Pk,pre,4.276666119,10.66303544,#NAME?
306,3/11/2021,mar_21,cool,LP,48,25,7.7,16.8,13.27142857,0,1.7,Amphibia,Caudata,Salamandridae,NOPE,PA,0,0,0,pre,0,0,0,0,0,0,Uninfected,pre,#NAME?,#NAME?,#NAME?
307,3/11/2021,mar_21,cool,LP,48,25,7.7,16.8,13.27142857,0,1.7,Amphibia,Caudata,Salamandridae,NOPE,A,968.41,0,0,post,0,1,0,193682,0,0,Bd,post,12.14539865,#NAME?,#NAME?
308,3/11/2021,mar_21,cool,LP,48,25,7.7,16.8,13.27142857,0,1.7,Amphibia,Caudata,Salamandridae,NOPE,PA,0,0,0,pre,0,0,0,0,0,0,Uninfected,pre,#NAME?,#NAME?,#NAME?
309,3/11/2021,mar_21,cool,LP,48,25,7.7,16.8,13.27142857,0,1.7,Amphibia,Caudata,Salamandridae,NOPE,PA,0,0,0,pre,0,0,0,0,0,0,Uninfected,pre,#NAME?,#NAME?,#NAME?
310,3/11/2021,mar_21,cool,LP,48,25,7.7,16.8,13.27142857,0,1.7,Amphibia,Anura,Ranidae,LISP,L,0,0,0,pre,0,0,0,0,0,0,Uninfected,pre,#NAME?,#NAME?,#NAME?
311,3/11/2021,mar_21,cool,LP,48,25,7.7,16.8,13.27142857,0,1.7,Amphibia,Caudata,Salamandridae,NOVI,PA,0.65,0,0,pre,0,1,0,130,0,0,Bd,pre,4.584967479,#NAME?,#NAME?
312,3/11/2021,mar_21,cool,LP,48,25,7.7,16.8,13.27142857,0,1.7,Amphibia,Caudata,Sirenidae,PSST,A,0,0,0,pre,0,0,0,0,0,0,Uninfected,pre,#NAME?,#NAME?,#NAME?
313,3/11/2021,mar_21,cool,LP,107,25,7.7,16.8,13.27142857,0,1.7,Amphibia,Caudata,Ambystomatidae,AMTI,L,0,0,9376.21,pre,0,0,1,0,0,1875242,Pk,pre,#NAME?,14.44424828,#NAME?
314,3/11/2021,mar_21,cool,LP,107,25,7.7,16.8,13.27142857,0,1.7,Amphibia,Caudata,Ambystomatidae,AMTI,L,0,0,0,pre,0,0,0,0,0,0,Uninfected,pre,#NAME?,#NAME?,#NAME?
315,3/11/2021,mar_21,cool,LP,107,25,7.7,16.8,13.27142857,0,1.7,Amphibia,Caudata,Ambystomatidae,AMTI,L,0,0,0,pre,0,0,0,0,0,0,Uninfected,pre,#NAME?,#NAME?,#NAME?
316,3/11/2021,mar_21,cool,LP,107,25,7.7,16.8,13.27142857,0,1.7,Amphibia,Caudata,Ambystomatidae,AMTI,L,0,0,8718.026,pre,0,0,1,0,0,1743605.2,Pk,pre,#NAME?,14.37146548,#NAME?
317,3/11/2021,mar_21,cool,LP,107,25,7.7,16.8,13.27142857,0,1.7,Amphibia,Caudata,Ambystomatidae,AMTI,L,0,0,0,pre,0,0,0,0,0,0,Uninfected,pre,#NAME?,#NAME?,#NAME?
318,3/11/2021,mar_21,cool,LP,107,25,7.7,16.8,13.27142857,0,1.7,Amphibia,Anura,Hylidae,PSOR,L,0,0,0,pre,0,0,0,0,0,0,Uninfected,pre,#NAME?,#NAME?,#NAME?
319,3/11/2021,mar_21,cool,LP,107,25,7.7,16.8,13.27142857,0,1.7,Amphibia,Anura,Hylidae,PSOR,L,0,23.58,0,pre,1,0,0,0,4716,0,Rv,pre,#NAME?,#NAME?,8.458716262
320,3/11/2021,mar_21,cool,LP,48,25,7.7,16.8,13.27142857,0,1.7,Amphibia,Anura,Ranidae,LISP,L,0,0,0,pre,0,0,0,0,0,0,Uninfected,pre,#NAME?,#NAME?,#NAME?
321,3/11/2021,mar_21,cool,LP,107,25,7.7,16.8,13.27142857,0,1.7,Amphibia,Anura,Hylidae,PSOR,L,0,0,0,pre,0,0,0,0,0,0,Uninfected,pre,#NAME?,#NAME?,#NAME?
322,3/11/2021,mar_21,cool,LP,107,25,7.7,16.8,13.27142857,0,1.7,Amphibia,Anura,Hylidae,PSOR,L,0,0,0,pre,0,0,0,0,0,0,Uninfected,pre,#NAME?,#NAME?,#NAME?
323,3/11/2021,mar_21,cool,LP,107,25,7.7,16.8,13.27142857,0,1.7,Amphibia,Anura,Hylidae,PSOR,L,0,0,143.04869,pre,0,0,1,0,0,28609.738,Pk,pre,#NAME?,10.26150243,#NAME?
324,3/11/2021,mar_21,cool,LP,109,25,7.7,16.8,13.27142857,0,1.7,Amphibia,Caudata,Ambystomatidae,AMTI,L,0,0,812.6466,pre,0,0,1,0,0,162529.32,Pk,pre,#NAME?,11.9986137,#NAME?
325,3/11/2021,mar_21,cool,LP,109,25,7.7,16.8,13.27142857,0,1.7,Amphibia,Caudata,Ambystomatidae,AMTI,L,0,0,0,pre,0,0,0,0,0,0,Uninfected,pre,#NAME?,#NAME?,#NAME?
326,3/11/2021,mar_21,cool,LP,109,25,7.7,16.8,13.27142857,0,1.7,Amphibia,Caudata,Ambystomatidae,AMTI,L,0,0,1135.417,pre,0,0,1,0,0,227083.4,Pk,pre,#NAME?,12.33307263,#NAME?
327,3/11/2021,mar_21,cool,LP,109,25,7.7,16.8,13.27142857,0,1.7,Amphibia,Anura,Hylidae,PSOR,L,0,0,0,pre,0,0,0,0,0,0,Uninfected,pre,#NAME?,#NAME?,#NAME?
328,3/11/2021,mar_21,cool,LP,109,25,7.7,16.8,13.27142857,0,1.7,Amphibia,Anura,Hylidae,PSOR,L,0,0,0,pre,0,0,0,0,0,0,Uninfected,pre,#NAME?,#NAME?,#NAME?
329,3/11/2021,mar_21,cool,LP,109,25,7.7,16.8,13.27142857,0,1.7,Amphibia,Anura,Hylidae,PSOR,L,0,0,116.160164,pre,0,0,1,0,0,23232.0328,Pk,pre,#NAME?,10.05328733,#NAME?
330,3/11/2021,mar_21,cool,LP,109,25,7.7,16.8,13.27142857,0,1.7,Amphibia,Anura,Hylidae,PSOR,L,0,0,0,pre,0,0,0,0,0,0,Uninfected,pre,#NAME?,#NAME?,#NAME?
331,3/11/2021,mar_21,cool,LP,48,25,7.7,16.8,13.27142857,0,1.7,Amphibia,Anura,Ranidae,LISP,L,0,0,0,pre,0,0,0,0,0,0,Uninfected,pre,#NAME?,#NAME?,#NAME?
332,3/11/2021,mar_21,cool,LP,42,25,7.7,16.8,13.27142857,0,1.7,Amphibia,Anura,Hylidae,PSOR,L,0,0,0,pre,0,0,0,0,0,0,Uninfected,pre,#NAME?,#NAME?,#NAME?
333,3/11/2021,mar_21,cool,LP,42,25,7.7,16.8,13.27142857,0,1.7,Amphibia,Anura,Hylidae,PSOR,L,0,0,0,pre,0,0,0,0,0,0,Uninfected,pre,#NAME?,#NAME?,#NAME?
334,3/11/2021,mar_21,cool,LP,42,25,7.7,16.8,13.27142857,0,1.7,Amphibia,Anura,Hylidae,PSOR,L,0,0,0,pre,0,0,0,0,0,0,Uninfected,pre,#NAME?,#NAME?,#NAME?
335,3/11/2021,mar_21,cool,LP,44,25,7.7,16.8,13.27142857,0,1.7,Amphibia,Caudata,Ambystomatidae,AMTI,L,0,0,0,pre,0,0,0,0,0,0,Uninfected,pre,#NAME?,#NAME?,#NAME?
336,3/11/2021,mar_21,cool,LP,44,25,7.7,16.8,13.27142857,0,1.7,Amphibia,Caudata,Ambystomatidae,AMTI,L,0,0,0,pre,0,0,0,0,0,0,Uninfected,pre,#NAME?,#NAME?,#NAME?
337,3/11/2021,mar_21,cool,LP,44,25,7.7,16.8,13.27142857,0,1.7,Amphibia,Caudata,Ambystomatidae,AMTI,L,0.62,17.07,0,pre,1,1,0,124,3414,0,Bd-Rv,pre,5.010635294,#NAME?,8.135639903
338,3/11/2021,mar_21,cool,LP,44,25,7.7,16.8,13.27142857,0,1.7,Amphibia,Anura,Hylidae,PSOR,L,0,0,0,pre,0,0,0,0,0,0,Uninfected,pre,#NAME?,#NAME?,#NAME?
339,3/11/2021,mar_21,cool,LP,44,25,7.7,16.8,13.27142857,0,1.7,Amphibia,Anura,Hylidae,PSOR,L,0,0,0,pre,0,0,0,0,0,0,Uninfected,pre,#NAME?,#NAME?,#NAME?
340,3/11/2021,mar_21,cool,LP,44,25,7.7,16.8,13.27142857,0,1.7,Amphibia,Anura,Hylidae,PSOR,L,0,0,0,pre,0,0,0,0,0,0,Uninfected,pre,#NAME?,#NAME?,#NAME?
341,3/11/2021,mar_21,cool,LP,44,25,7.7,16.8,13.27142857,0,1.7,Amphibia,Anura,Hylidae,PSOR,L,10.56,0,0,pre,0,1,0,2112,0,0,Bd,pre,7.751905333,#NAME?,#NAME?
342,3/11/2021,mar_21,cool,LP,48,25,7.7,16.8,13.27142857,0,1.7,Amphibia,Anura,Ranidae,LISP,L,0,0,0,pre,0,0,0,0,0,0,Uninfected,pre,#NAME?,#NAME?,#NAME?
343,3/11/2021,mar_21,cool,LP,44,25,7.7,16.8,13.27142857,0,1.7,Amphibia,Anura,Hylidae,PSOR,L,0,0,0,pre,0,0,0,0,0,0,Uninfected,pre,#NAME?,#NAME?,#NAME?
344,3/11/2021,mar_21,cool,LP,48,25,7.7,16.8,13.27142857,0,1.7,Amphibia,Anura,Ranidae,LISP,L,0,0,0,pre,0,0,0,0,0,0,Uninfected,pre,#NAME?,#NAME?,#NAME?
345,3/11/2021,mar_21,cool,LP,48,25,7.7,16.8,13.27142857,0,1.7,Amphibia,Anura,Hylidae,ACGR,A,1987.17,24.58,0,post,1,1,0,397434,4916,0,Bd-Rv,post,12.79328692,#NAME?,8.500250471
